{
    "providers": [
        {
            "type": "bitmap",
            "file": "minecraft:font/youtube.png",
            "ascent": 7,
            "height": 8,
            "chars": [
                    "\u0290"
                ]
        },
        {
            "type": "bitmap",
            "file": "minecraft:font/helper.png",
            "ascent": 7,
            "height": 8,
            "chars": [
                    "\u0291"
                ]
        },
        {
            "type": "bitmap",
            "file": "minecraft:font/owner.png",
            "ascent": 7,
            "height": 8,
            "chars": [
                    "\u0292"
                ]
        },
        {
            "type": "bitmap",
            "file": "minecraft:font/moder.png",
            "ascent": 7,
            "height": 8,
            "chars": [
                    "\u0293"
                ]
        },
        {
            "type": "bitmap",
            "file": "minecraft:font/moder.png",
            "ascent": 7,
            "height": 8,
            "chars": [
                    "\u0294"
                ]
        },
        {
            "type": "bitmap",
            "file": "minecraft:font/pluse.png",
            "ascent": 7,
            "height": 8,
            "chars": [
                    "\u0295"
                ]
        },
        {
            "type": "bitmap",
            "file": "minecraft:font/default.png",
            "ascent": 7,
            "height": 8,
            "chars": [
                    "\u0296"
                ]
        },
        {
            "type": "bitmap",
            "file": "minecraft:font/admin.png",
            "ascent": 7,
            "height": 8,
            "chars": [
                    "\u0297"
                ]
        }

    ]
}