{
    "providers": [
        {
            "type": "bitmap",
            "file": "minecraft:font/youtube.png",
            "ascent": 7,
            "height": 8,
            "chars": [
                    "ʐ"
                ]
        },
        {
            "type": "bitmap",
            "file": "minecraft:font/helper.png",
            "ascent": 7,
            "height": 8,
            "chars": [
                    "ʑ"
                ]
        },
        {
            "type": "bitmap",
            "file": "minecraft:font/owner.png",
            "ascent": 7,
            "height": 8,
            "chars": [
                    "ʒ"
                ]
        },
        {
            "type": "bitmap",
            "file": "minecraft:font/moder.png",
            "ascent": 7,
            "height": 8,
            "chars": [
                    "ʓ"
                ]
        },
        {
            "type": "bitmap",
            "file": "minecraft:font/pluse.png",
            "ascent": 7,
            "height": 8,
            "chars": [
                    "ʔ"
                ]
        },
        {
            "type": "bitmap",
            "file": "minecraft:font/default.png",
            "ascent": 7,
            "height": 8,
            "chars": [
                    "ʖ"
                ]
        },
        {
            "type": "bitmap",
            "file": "minecraft:font/admin.png",
            "ascent": 7,
            "height": 8,
            "chars": [
                    "ʗ"
                ]
        }

    ]
}